{"cameraMode":{"drawMode":0,"name":"Shaded","section":"Shading Mode"},"sceneLighting":true,"audioPlay":false,"sceneViewState":{"m_AlwaysRefresh":false,"showFog":true,"showSkybox":true,"showFlares":true,"showImageEffects":true,"showParticleSystems":true,"showVisualEffectGraphs":true,"m_FxEnabled":true},"in2DMode":false,"pivot":{"x":20.802875518798829,"y":1.4222995042800904,"z":12.28927230834961},"rotation":{"x":-0.07219572365283966,"y":0.2641596496105194,"z":-0.018177509307861329,"w":-0.9630098342895508},"size":0.5719634294509888,"orthographic":false}